{
  "project_info": {
    "project_number": "852620725808",
    "project_id": "spotifyapp2340",
    "storage_bucket": "spotifyapp2340.appspot.com"
  },
  "client": [
    {
      "client_info": {
        "mobilesdk_app_id": "1:852620725808:android:c157fb9047115c569767f5",
        "android_client_info": {
          "package_name": "com.example.spotifyapp2340"
        }
      },
      "oauth_client": [],
      "api_key": [
        {
          "current_key": "AIzaSyDaQ_kdBEKRavDl_amnCI_LSzObaL9DfUc"
        }
      ],
      "services": {
        "appinvite_service": {
          "other_platform_oauth_client": []
        }
      }
    }
  ],
  "configuration_version": "1"
}